Model Name,Cosine Similarity,Bleau Score,Rouge score,Bert Score,
LLama-2,Mean Cosine Similarity: 0.35547265600665867,7.68E-232,"ROUGE Scores: {'rouge-1': {'r': 0.3414021279493459, 'p': 0.487660866691639, 'f': 0.39550724630260126}, 'rouge-2': {'r': 0.15936342394505792, 'p': 0.2394610883339853, 'f': 0.18767401190346056}, 'rouge-l': {'r': 0.3110684931158799, 'p': 0.4425861422796989, 'f': 0.3598492619893111}}","BERT Precision: 0.7935200929641724
BERT Recall: 0.8620060682296753
BERT F1 Score: 0.8262097239494324",2nd
Falcon-7B,Mean Cosine Similarity: 0.17202407395900488,7.82E-232,"ROUGE Scores: {'rouge-1': {'r': 0.3804766387258638, 'p': 0.30554319438086364, 'f': 0.30949675951393985}, 'rouge-2': {'r': 0.17752030048909628, 'p': 0.11416587498061223, 'f': 0.12214291184379969}, 'rouge-l': {'r': 0.35515899886348523, 'p': 0.28334546405435385, 'f': 0.287729891050039}}","BERT Precision: 0.7651947736740112
BERT Recall: 0.8452949523925781
BERT F1 Score: 0.8031359910964966",3rd
Mistral-7B,Mean Cosine Similarity: 0.37255919587702363,7.74E-232,"ROUGE Scores: {'rouge-1': {'r': 0.358323393516854, 'p': 0.43391812701173577, 'f': 0.38742585288197456}, 'rouge-2': {'r': 0.14607498335724078, 'p': 0.17697546126565178, 'f': 0.1584519023461019}, 'rouge-l': {'r': 0.3066438995032327, 'p': 0.36471128014917553, 'f': 0.3293150018499819}}","BERT Precision: 0.7849291563034058
BERT Recall: 0.8637892007827759
BERT F1 Score: 0.8224128484725952",1st